Domain,Status,Attractiveness,Demand,Length,Sectors,Created,Expires,Registrar
one.flights,available,132,44%,3,"Business,General,Media,Technology",,,
brief.flights,available,124,19%,5,"Business,Education,General,Law",,,
complete.flights,available,120,21%,8,"Manufacturing,Retail,Technology",,,
second.flights,available,120,23%,6,"General,Mathematics",,,
wizard.flights,available,118,42%,6,"Entertainment,Media,Technology",,,
equal.flights,available,116,19%,5,"Education,General,Law",,,
flat.flights,available,116,24%,4,"Construction,Real Estate",,,
tenth.flights,available,116,7%,5,Mathematics,,,
tonic.flights,available,114,22%,5,"Health and Fitness,Medicine,Science",,,
above.flights,expiring,112,22%,5,Business,14/09/2017 01:48,14/09/2025 01:48,Porkbun LLC
zero.flights,available,112,49%,4,Mathematics,,,
hotshot.flights,available,112,14%,7,"Business,Entertainment,Sports",,,
acute.flights,available,112,9%,5,"Mathematics,Medicine,Science",,,
abstract.flights,available,108,29%,8,"Arts,Humanities,Science",,,
abiding.flights,available,106,5%,7,"General,Religion",,,
teen.flights,available,104,14%,4,"Education,Entertainment,Healthcare",,,
active.flights,available,104,27%,6,"Health and Fitness,Sports,Travel",,,
absent.flights,available,102,8%,6,"Business,Education,Technology",,,
eight.flights,available,102,23%,5,"General,Mathematics",,,
captive.flights,available,102,14%,7,"Entertainment,Hospitality,Technology",,,
third.flights,available,100,16%,5,Mathematics,,,
sixth.flights,available,100,8%,5,Mathematics,,,
whiz.flights,available,100,12%,4,"Business,Education,Technology",,,
abrupt.flights,available,100,3%,6,"Medicine,Science",,,
crack.flights,available,100,20%,5,Sports,,,
remove.flights,available,100,13%,6,"Construction,Manufacturing,Technology",,,
ninth.flights,available,100,9%,5,Mathematics,,,
adjunct.flights,available,100,5%,7,Education,,,
eighth.flights,available,100,6%,6,Mathematics,,,
whizz.flights,available,98,11%,5,"Business,Education,Technology",,,
academic.flights,available,96,20%,8,"Education,Humanities,Science",,,
doable.flights,available,96,9%,6,"Business,Education,Technology",,,
alamode.flights,available,96,12%,9,Fashion,,,
actual.flights,available,96,22%,6,"Real Estate,Retail,Technology",,,
forgiving.flights,available,96,3%,9,"Healthcare,Religion",,,
about.flights,available,94,28%,5,"Business,General,Media,Technology",,,
abject.flights,available,94,7%,6,Humanities,,,
virtuoso.flights,available,94,16%,8,"Arts,Entertainment",,,
adequate.flights,available,94,9%,8,"Education,Healthcare,Technology",,,
around.flights,available,94,22%,6,"Business,General,Media,Technology",,,
abroad.flights,available,92,12%,6,"Hospitality,Travel",,,
adjective.flights,available,92,5%,9,Education,,,
derelict.flights,available,92,7%,8,"Construction,Real Estate",,,
neutral.flights,available,92,20%,7,"Business,Media,Politics",,,
twentieth.flights,available,92,3%,9,Mathematics,,,
exemplary.flights,available,92,5%,9,"Business,Education,Healthcare",,,
adept.flights,available,92,24%,5,"Education,Health and Fitness,Sports",,,
nought.flights,available,92,4%,6,Mathematics,,,
adoring.flights,available,90,2%,7,"Entertainment,Fashion,Retail",,,
addictive.flights,available,90,9%,9,Healthcare,,,
leash.flights,available,90,7%,5,"General,Health and Fitness,Retail",,,
endearing.flights,available,90,1%,9,"Entertainment,Fashion,Retail",,,
additional.flights,available,90,8%,10,"Fashion,Retail,Technology",,,
abortive.flights,available,90,1%,8,"Medicine,Science",,,
riveting.flights,available,90,6%,8,"Entertainment,Media,Technology",,,
gripping.flights,available,90,3%,8,"Entertainment,Media,Technology",,,
wide.flights,available,88,18%,4,"Business,Media,Technology",,,
ace.flights,available,88,34%,3,Sports,,,
proficient.flights,available,88,8%,10,"Education,Health and Fitness,Sports",,,
adlib.flights,available,88,7%,6,Entertainment,,,
ten.flights,available,88,28%,3,"General,Mathematics",,,
twelve.flights,available,88,18%,6,"General,Mathematics",,,
activist.flights,available,88,12%,8,"Humanities,Politics",,,
actionable.flights,available,88,13%,10,"Business,Law",,,
hundred.flights,available,88,14%,7,Mathematics,,,
three.flights,available,88,24%,5,Mathematics,,,
sixteen.flights,available,88,11%,7,Mathematics,,,
fifteen.flights,available,88,13%,7,Mathematics,,,
star.flights,available,86,40%,4,"Entertainment,Media,Sports",,,
engrossing.flights,available,86,0%,10,"Entertainment,Media,Technology",,,
cipher.flights,available,86,29%,6,Mathematics,,,
adolescent.flights,available,86,3%,10,"Education,Entertainment,Healthcare",,,
recondite.flights,available,86,4%,9,"Arts,Humanities,Science",,,
aboriginal.flights,available,86,10%,10,Humanities,,,
xix.flights,available,86,11%,3,Mathematics,,,
intent.flights,available,86,25%,6,"Business,Education,Technology",,,
extempore.flights,available,86,3%,9,Entertainment,,,
attendant.flights,available,86,5%,9,"Healthcare,Hospitality,Transportation",,,
twentyone.flights,available,84,13%,10,Mathematics,,,
thousand.flights,available,84,8%,8,Mathematics,,,
grand.flights,available,84,25%,5,"Finance,General",,,
fourteen.flights,available,84,8%,8,Mathematics,,,
accessory.flights,available,84,8%,9,"Fashion,Retail,Technology",,,
sharp.flights,available,84,34%,5,"Arts,Fashion",,,
deviate.flights,available,84,12%,7,"Medicine,Science",,,
twentytwo.flights,available,84,11%,10,Mathematics,,,
thirteen.flights,available,84,10%,8,Mathematics,,,
acting.flights,available,84,12%,6,Entertainment,,,
seventeen.flights,available,84,7%,9,Mathematics,,,
adjustable.flights,available,84,3%,10,"Manufacturing,Retail,Technology",,,
nineteen.flights,available,84,8%,8,Mathematics,,,
abkhaz.flights,available,82,1%,6,Geography,,,
abroach.flights,available,82,1%,7,Food and Beverage,,,
abdominal.flights,available,82,1%,9,"Health and Fitness,Medicine",,,
impromptu.flights,available,82,16%,9,Entertainment,,,
absorbent.flights,available,82,3%,9,"Healthcare,Manufacturing,Retail",,,
altered.flights,available,82,9%,7,"Medicine,Science",,,
enduring.flights,available,82,9%,8,"Health and Fitness,Religion",,,
fivesome.flights,available,82,1%,8,Sports,,,
dozen.flights,available,82,10%,5,Mathematics,,,
abenaki.flights,available,82,2%,7,Geography,,,
good.flights,expiring,82,47%,4,"Food and Beverage,General,Health and Fitness,Retail",25/08/2019 09:46,25/08/2025 09:46,Porkbun LLC
decade.flights,available,82,10%,6,Mathematics,,,
cleansing.flights,available,82,3%,9,Health and Fitness,,,
superstar.flights,available,80,18%,9,Entertainment,,,
forty.flights,available,80,9%,5,Mathematics,,,
some.flights,available,80,32%,4,"Business,Media,Retail",,,
absurd.flights,available,80,16%,6,"Arts,Entertainment,Media",,,
wiz.flights,available,80,30%,3,"Business,Education,Technology",,,
twenty.flights,available,80,12%,6,Mathematics,,,
seventh.flights,available,80,10%,7,Mathematics,,,
absolute.flights,available,80,25%,8,"Engineering,Mathematics,Science",,,
nine.flights,available,80,24%,4,"General,Mathematics",,,
adoptable.flights,available,80,3%,9,"Education,Healthcare",,,
trio.flights,available,80,21%,4,Entertainment,,,
two.flights,available,80,24%,3,Mathematics,,,
yard.flights,available,80,26%,4,"Construction,General",,,
sequent.flights,available,80,7%,7,"Healthcare,Insurance,Transportation",,,
capable.flights,available,80,12%,7,"Business,Education,Technology",,,
absorbable.flights,available,80,0%,10,"Healthcare,Pharmaceuticals,Science",,,
dorsal.flights,available,80,6%,6,"Medicine,Science",,,
worshipful.flights,available,80,1%,10,"Education,Healthcare,Religion",,,
abundant.flights,available,80,19%,8,"Agriculture,Manufacturing,Retail",,,
able.flights,available,80,29%,4,"Business,Education,General,Technology",,,
acceptable.flights,available,78,5%,10,"Business,Hospitality,Retail",,,
adrenal.flights,available,78,4%,7,"Education,Healthcare,Science",,,
accepted.flights,available,78,6%,8,"Business,Education,Technology",,,
accidental.flights,available,78,11%,10,"Healthcare,Insurance,Transportation",,,
abkhasian.flights,available,78,1%,9,Geography,,,
athletic.flights,available,78,15%,8,"Health and Fitness,Sports",,,
low.flights,available,78,20%,3,"Business,Finance",,,
honestly.flights,available,78,9%,8,"Business,Law",,,
dormant.flights,available,78,4%,7,"Medicine,Science",,,
adjacent.flights,available,78,9%,8,"Construction,Real Estate,Retail",,,
absorptive.flights,available,78,1%,10,"Healthcare,Manufacturing,Retail",,,
recognised.flights,available,78,3%,10,"Business,Education,Technology",,,
sixtynine.flights,available,78,8%,10,Mathematics,,,
adorable.flights,available,78,8%,8,"Entertainment,Fashion,Retail",,,
abkhazian.flights,available,78,1%,9,Geography,,,
recognized.flights,available,78,3%,10,"Business,Education,Technology",,,
acceptant.flights,available,78,1%,9,"Education,Healthcare",,,
abounding.flights,available,78,2%,9,Agriculture,,,
accessible.flights,available,78,21%,10,"Healthcare,Retail,Technology",,,
twentysix.flights,available,78,8%,10,Mathematics,,,
accurate.flights,available,78,16%,8,"Engineering,Mathematics,Science",,,
fifteenth.flights,available,76,2%,9,Mathematics,,,
acoustic.flights,available,76,14%,8,Science,,,
ancillary.flights,available,76,6%,9,"Healthcare,Manufacturing,Technology",,,
nineteenth.flights,available,76,3%,10,Mathematics,,,
adipose.flights,available,76,2%,7,"Healthcare,Science",,,
fourteenth.flights,available,76,1%,10,Mathematics,,,
adaptable.flights,available,76,9%,9,"Business,Education,Technology",,,
addable.flights,available,76,2%,7,"Engineering,Mathematics,Science",,,
improvise.flights,available,76,4%,9,Entertainment,,,
adherent.flights,available,76,4%,8,"Politics,Religion",,,
resultant.flights,available,76,2%,9,"Healthcare,Insurance,Transportation",,,
auxiliary.flights,available,76,7%,9,"Healthcare,Manufacturing,Technology",,,
firstrate.flights,available,76,6%,10,Business,,,
ague.flights,available,76,2%,4,"Geography,Medicine,Science",,,
thousandth.flights,available,76,1%,10,Mathematics,,,
adaptive.flights,available,76,28%,8,"Business,Education,Technology",,,
threed.flights,available,76,7%,7,Technology,,,
energizing.flights,available,76,3%,10,"Food and Beverage,Health and Fitness,Travel",,,
adhesive.flights,available,76,7%,8,"Construction,Manufacturing,Technology",,,
eighteen.flights,available,76,7%,8,Mathematics,,,
hundredth.flights,available,76,1%,9,Mathematics,,,
abrasive.flights,available,76,6%,8,"Construction,Manufacturing",,,
incidental.flights,available,76,4%,10,"Healthcare,Insurance,Transportation",,,
obscene.flights,available,76,5%,7,"Entertainment,Media",,,
thirteenth.flights,available,76,4%,10,Mathematics,,,
diamond.flights,available,76,32%,7,Fashion,,,
ventral.flights,available,76,3%,7,Science,,,
admirable.flights,available,74,5%,9,"Business,Education,Healthcare",,,
acuate.flights,available,74,2%,6,"Engineering,Medicine,Science",,,
aberrant.flights,available,74,6%,8,"Medicine,Science",,,
realizable.flights,available,74,1%,10,"Business,Education,Technology",,,
single.flights,available,74,19%,6,Sports,,,
achievable.flights,available,74,4%,10,"Business,Education,Technology",,,
manageable.flights,available,74,4%,10,"Business,Education,Technology",,,
adrenergic.flights,available,74,1%,10,"Education,Healthcare,Science",,,
activated.flights,available,74,9%,9,"Healthcare,Manufacturing,Technology",,,
accepting.flights,available,74,3%,9,"Education,Healthcare",,,
sensation.flights,available,74,7%,9,"Entertainment,Media,Sports",,,
adenoid.flights,available,74,1%,7,"Health and Fitness,Medicine,Science",,,
adapted.flights,available,74,6%,7,"Healthcare,Manufacturing,Technology",,,
abnormal.flights,available,74,16%,8,"Medicine,Science",,,
cleared.flights,available,74,7%,7,"Healthcare,Law,Transportation",,,
mavin.flights,available,74,7%,5,"Entertainment,Fashion,Technology",,,
broad.flights,available,74,13%,5,"Entertainment,General,Media",,,
skilful.flights,available,74,3%,7,"Education,Health and Fitness,Sports",,,
adamant.flights,available,74,14%,7,Religion,,,
playing.flights,available,74,12%,7,Entertainment,,,
ablaze.flights,available,72,6%,6,Entertainment,,,
adaptative.flights,available,72,1%,10,"Business,Education,Technology",,,
trey.flights,available,72,14%,4,Sports,,,
absolutist.flights,available,72,1%,10,"Humanities,Law,Politics",,,
engrossed.flights,available,72,1%,9,"Entertainment,Media,Technology",,,
abloom.flights,available,72,5%,6,Agriculture,,,
deep.flights,available,72,41%,4,"Engineering,Mathematics,Science",,,
sixtieth.flights,available,72,1%,8,Mathematics,,,
champion.flights,available,72,28%,8,"Entertainment,Health and Fitness,Sports",,,
adjectival.flights,available,72,1%,10,Education,,,
accusative.flights,available,72,0%,10,"Humanities,Law",,,
ninetieth.flights,available,72,1%,9,Mathematics,,,
absorbed.flights,available,72,2%,8,"Entertainment,Media,Technology",,,
improvize.flights,available,72,1%,9,Entertainment,,,
abreast.flights,available,72,2%,7,"Business,Technology",,,
accustomed.flights,available,72,1%,10,"Business,Education,Humanities",,,
ternary.flights,available,72,7%,7,Mathematics,,,
adonic.flights,available,72,2%,6,"Arts,Education,Entertainment",,,
existent.flights,available,72,3%,8,"Mathematics,Science",,,
adjunctive.flights,available,72,1%,10,"Healthcare,Manufacturing,Technology",,,
aching.flights,available,72,4%,6,Healthcare,,,
trinity.flights,available,72,18%,7,Religion,,,
eightieth.flights,available,72,1%,9,Mathematics,,,
seventieth.flights,available,72,1%,10,Mathematics,,,
adiabatic.flights,available,72,3%,9,"Engineering,Science",,,
addicted.flights,available,72,9%,8,Healthcare,,,
liv.flights,available,72,27%,3,Mathematics,,,
lovely.flights,available,72,26%,6,"Entertainment,Fashion,Retail",,,
lowdown.flights,available,70,6%,8,"Entertainment,Media",,,
accumbent.flights,available,70,1%,9,"Healthcare,Medicine,Science",,,
abradant.flights,available,70,1%,8,"Construction,Manufacturing",,,
admired.flights,available,70,5%,7,"Business,Education,Healthcare",,,
gymnastic.flights,available,70,3%,9,"Entertainment,Sports",,,
recumbent.flights,available,70,2%,9,"Healthcare,Medicine,Science",,,
miserable.flights,available,70,4%,9,Humanities,,,
offhand.flights,available,70,2%,7,Entertainment,,,
absorbing.flights,available,70,3%,9,"Entertainment,Media,Technology",,,
acuminate.flights,available,70,1%,9,"Engineering,Medicine,Science",,,
adjusted.flights,available,70,5%,8,"Manufacturing,Retail,Technology",,,
practiced.flights,available,70,3%,9,"Education,Health and Fitness,Sports",,,
stillborn.flights,available,70,2%,9,"Medicine,Science",,,
skillful.flights,available,70,9%,8,"Education,Health and Fitness,Sports",,,
tiptop.flights,available,70,24%,6,Fashion,,,
unity.flights,available,70,40%,5,Mathematics,,,
consequent.flights,available,70,3%,10,"Business,Education,General,Technology",,,
abulic.flights,available,70,1%,6,Medicine,,,
adored.flights,available,70,6%,6,"Entertainment,Fashion,Retail",,,
adamantine.flights,available,70,4%,10,Religion,,,
overseas.flights,available,68,12%,8,"Hospitality,Travel",,,
stygian.flights,available,68,5%,7,Humanities,,,
acerate.flights,available,68,1%,7,Science,,,
decorated.flights,available,68,3%,9,"Entertainment,Fashion,Retail",,,
activating.flights,available,68,3%,10,"Healthcare,Manufacturing,Technology",,,
octonary.flights,available,68,1%,8,Mathematics,,,
abducent.flights,available,68,0%,8,Medicine,,,
aroused.flights,available,68,3%,7,"Entertainment,Health and Fitness",,,
sevener.flights,available,68,1%,7,Mathematics,,,
foursome.flights,available,68,4%,8,Sports,,,
vindicated.flights,available,68,2%,10,"Humanities,Law,Politics",,,
licenced.flights,available,68,2%,8,"Business,Healthcare,Insurance",,,
fiftieth.flights,available,68,0%,8,Mathematics,,,
disciple.flights,available,68,14%,8,"Education,Religion",,,
ane.flights,available,68,12%,3,Mathematics,,,
thirtieth.flights,available,68,1%,9,Mathematics,,,
scurvy.flights,available,68,3%,6,Humanities,,,
ennead.flights,available,68,5%,6,Mathematics,,,
licensed.flights,available,68,5%,8,"Business,Healthcare,Insurance",,,
ablative.flights,available,68,3%,8,Science,,,
aberdonian.flights,available,68,1%,10,Geography,,,
achaean.flights,available,68,2%,7,Humanities,,,
abnaki.flights,available,68,1%,6,Geography,,,
abkhas.flights,available,68,0%,6,Geography,,,
accredited.flights,available,68,9%,10,"Business,Education,Healthcare",,,
threesome.flights,available,68,5%,9,Entertainment,,,
aculeate.flights,available,68,1%,8,"Engineering,Medicine,Science",,,
achaian.flights,available,68,2%,7,Humanities,,,
fortieth.flights,available,68,0%,8,Mathematics,,,
septenary.flights,available,68,1%,9,Mathematics,,,
performing.flights,available,66,6%,10,Entertainment,,,
onec.flights,available,66,6%,5,Mathematics,,,
xxv.flights,available,66,6%,3,Mathematics,,,
maven.flights,available,66,30%,5,"Entertainment,Fashion,Technology",,,
xvii.flights,available,66,5%,4,Mathematics,,,
exonerated.flights,available,66,2%,10,"Humanities,Law,Politics",,,
abstinent.flights,available,66,1%,9,"Health and Fitness,Religion",,,
accessary.flights,available,66,1%,9,"Business,Law,Technology",,,
modish.flights,available,66,5%,6,Fashion,,,
clv.flights,available,66,10%,3,Mathematics,,,
xvi.flights,available,66,5%,3,Mathematics,,,
four.flights,available,66,27%,4,Mathematics,,,
acappella.flights,available,66,6%,10,Entertainment,,,
six.flights,available,66,26%,3,Mathematics,,,
adorned.flights,available,66,5%,7,"Entertainment,Fashion,Retail",,,
deuce.flights,available,66,9%,5,Sports,,,
ninety.flights,available,66,11%,6,Mathematics,,,
xxvi.flights,available,66,3%,4,Mathematics,,,
latest.flights,available,66,18%,6,Technology,,,
xviii.flights,available,66,5%,5,Mathematics,,,
adopted.flights,available,66,4%,7,"Education,Healthcare",,,
five.flights,available,66,26%,4,Mathematics,,,
acervate.flights,available,66,1%,8,Science,,,
sextet.flights,available,66,1%,6,Entertainment,,,
tenner.flights,available,66,5%,6,Finance,,,
xxii.flights,available,66,6%,4,Mathematics,,,
according.flights,available,66,3%,9,"Business,Education,Technology",,,
thirty.flights,available,66,8%,6,Mathematics,,,
eighty.flights,available,66,6%,6,Mathematics,,,
xxi.flights,available,66,10%,3,Mathematics,,,
century.flights,available,66,17%,7,Education,,,
teenager.flights,available,66,4%,8,"Education,Entertainment,Healthcare",,,
xii.flights,available,66,10%,3,Mathematics,,,
fifty.flights,available,66,12%,5,Mathematics,,,
xiii.flights,available,66,9%,4,Mathematics,,,
buzzing.flights,available,66,7%,7,"Entertainment,Media,Technology",,,
accordant.flights,available,64,3%,9,"Arts,Entertainment",,,
scatty.flights,available,64,1%,6,"Arts,Entertainment,Media",,,
aflame.flights,available,64,3%,6,Entertainment,,,
absolved.flights,available,64,1%,8,"Humanities,Law,Religion",,,
nondrinker.flights,available,64,1%,10,"Health and Fitness,Religion",,,
acentric.flights,available,64,2%,8,Science,,,
astringent.flights,available,64,1%,10,"Healthcare,Pharmaceuticals",,,
ccc.flights,available,64,38%,3,Mathematics,,,
deviant.flights,available,64,12%,7,"Medicine,Science",,,
adagio.flights,available,64,14%,6,Entertainment,,,
rising.flights,available,64,18%,6,"Construction,Manufacturing,Real Estate",,,
fortyfour.flights,available,62,6%,10,Mathematics,,,
admissible.flights,available,62,1%,10,"Education,Healthcare,Law",,,
sixteenth.flights,available,62,1%,9,Mathematics,,,
abo.flights,available,62,15%,3,Science,,,
eleventh.flights,available,62,5%,8,Mathematics,,,
activistic.flights,available,62,1%,10,"Humanities,Politics",,,
acidic.flights,available,62,5%,6,"Food and Beverage,Science",,,
roughly.flights,available,62,3%,7,"Business,Media,Technology",,,
nail.flights,available,62,16%,4,"Construction,Fashion,General,Retail",,,
quartet.flights,available,62,7%,7,"Arts,Entertainment",,,
playacting.flights,available,62,1%,10,Entertainment,,,
orso.flights,available,62,9%,5,"Business,Media,Technology",,,
chiliad.flights,available,62,2%,7,Mathematics,,,
ensuant.flights,available,62,1%,7,"Healthcare,Insurance,Transportation",,,
aborigine.flights,available,62,1%,9,Humanities,,,
exculpated.flights,available,62,1%,10,"Humanities,Law,Politics",,,
twodozen.flights,available,62,1%,9,Mathematics,,,
accusing.flights,available,62,1%,8,Law,,,
eighteenth.flights,available,62,1%,10,Mathematics,,,
wrapped.flights,available,62,13%,7,"Fashion,Hospitality,Retail",,,
accrued.flights,available,62,2%,7,"Banking,Finance,Insurance",,,
aufait.flights,available,62,3%,7,"Fashion,Media",,,
cumulative.flights,available,62,2%,10,"Banking,Finance,Insurance",,,
longdozen.flights,available,62,2%,10,Mathematics,,,
pungent.flights,available,62,1%,7,Food and Beverage,,,
activation.flights,available,62,16%,10,"Healthcare,Manufacturing,Technology",,,
adoptive.flights,available,62,1%,8,"Education,Healthcare",,,
troika.flights,available,62,8%,6,Politics,,,
adjuvant.flights,available,62,5%,8,"Healthcare,Manufacturing,Technology",,,
aboveboard.flights,available,60,5%,10,"Business,Law",,,
cxlv.flights,available,60,2%,4,Mathematics,,,
idolized.flights,available,60,3%,8,"Entertainment,Fashion,Retail",,,
cxv.flights,available,60,4%,3,Mathematics,,,
eightysix.flights,available,60,7%,10,Mathematics,,,
clxx.flights,available,60,3%,4,Mathematics,,,
cxxx.flights,available,60,4%,4,Mathematics,,,
cxl.flights,available,60,7%,3,Mathematics,,,
abashed.flights,available,60,1%,7,Humanities,,,
clx.flights,available,60,10%,3,Mathematics,,,
thou.flights,available,60,7%,4,Mathematics,,,
abstemious.flights,available,60,0%,10,"Food and Beverage,Health and Fitness,Hospitality",,,
paunchy.flights,available,60,0%,7,"Health and Fitness,Medicine",,,
cxxxv.flights,available,60,2%,5,Mathematics,,,
idolised.flights,available,60,1%,8,"Entertainment,Fashion,Retail",,,
adnexal.flights,available,60,1%,7,"Agriculture,Manufacturing,Retail",,,
xcl.flights,available,60,5%,3,Mathematics,,,
cautionary.flights,available,60,1%,10,"Business,Education,Healthcare",,,
sixty.flights,available,60,13%,5,Mathematics,,,
adnate.flights,available,60,1%,6,"Agriculture,Manufacturing,Retail",,,
abstainer.flights,available,60,0%,9,"Health and Fitness,Religion",,,
octet.flights,available,60,12%,5,Arts,,,
annexal.flights,available,60,1%,7,"Agriculture,Manufacturing,Retail",,,
cxx.flights,available,60,10%,3,Mathematics,,,
acceptive.flights,available,60,1%,9,"Education,Healthcare",,,
clxv.flights,available,60,1%,4,Mathematics,,,
cxxv.flights,available,60,1%,4,Mathematics,,,
clxxv.flights,available,60,1%,5,Mathematics,,,
clxxx.flights,available,60,1%,5,Mathematics,,,
tertiary.flights,available,60,4%,8,Education,,,
tercet.flights,available,59,2%,6,"Arts,Entertainment,Media",,,
pentad.flights,available,58,2%,6,Mathematics,,,
lxxviii.flights,available,58,1%,7,Mathematics,,,
sixtyone.flights,available,58,3%,9,Mathematics,,,
fourscore.flights,available,58,4%,9,Mathematics,,,
abused.flights,available,58,5%,6,"Healthcare,Law",,,
ache.flights,available,58,7%,4,Healthcare,,,
heptad.flights,available,58,1%,6,Mathematics,,,
closeto.flights,available,58,3%,8,"Business,Media,Technology",,,
lxxx.flights,available,58,2%,4,Mathematics,,,
adhoc.flights,available,58,24%,6,"Business,Engineering,Technology",,,
aucourant.flights,available,58,3%,10,"Fashion,Media",,,
quintet.flights,available,58,8%,7,"Arts,Entertainment",,,
centesimal.flights,available,58,1%,10,Mathematics,,,
tetrad.flights,available,58,5%,6,Mathematics,,,
sextuplet.flights,available,58,1%,9,Healthcare,,,
abuzz.flights,available,58,5%,5,"Entertainment,Media,Technology",,,
seven.flights,available,58,36%,5,Mathematics,,,
addible.flights,available,58,2%,7,"Engineering,Mathematics,Science",,,
fourth.flights,available,58,13%,6,Mathematics,,,
offhanded.flights,available,58,1%,9,Entertainment,,,
accoutred.flights,available,58,1%,9,"Fashion,Manufacturing,Retail",,,
octad.flights,available,58,5%,5,Mathematics,,,
hexad.flights,available,58,4%,5,Mathematics,,,
adjustive.flights,available,58,1%,9,"Manufacturing,Retail,Technology",,,
alacarte.flights,available,58,11%,10,Food and Beverage,,,
linear.flights,available,58,22%,6,"Engineering,Mathematics,Science",,,
adient.flights,available,58,4%,6,"Medicine,Science",,,
twelfth.flights,available,58,2%,7,Mathematics,,,
seventy.flights,available,58,7%,7,Mathematics,,,
accretive.flights,available,58,6%,9,"Banking,Finance,Insurance",,,
justabout.flights,available,58,3%,10,"Business,Media,Technology",,,
addressed.flights,available,58,3%,9,"Business,Technology,Telecommunications",,,
abridged.flights,available,58,4%,8,Media,,,
niner.flights,available,58,5%,5,Mathematics,,,
super.flights,available,58,47%,5,Business,,,
abandoned.flights,available,58,10%,9,"Construction,Real Estate",,,
cypher.flights,available,58,29%,6,Mathematics,,,
accented.flights,available,58,3%,8,"Arts,Entertainment",,,
sixer.flights,available,58,5%,5,Sports,,,
actuarial.flights,available,58,8%,9,"Finance,Insurance,Mathematics",,,
eighter.flights,available,58,2%,7,Mathematics,,,
enwrapped.flights,available,58,0%,9,"Entertainment,Fashion,Media",,,
acyclic.flights,available,58,4%,7,"Engineering,Mathematics,Science",,,
acetic.flights,available,58,1%,6,"Food and Beverage,Science",,,
fifth.flights,available,58,12%,5,Mathematics,,,
xlii.flights,available,56,5%,4,Mathematics,,,
xli.flights,available,56,5%,3,Mathematics,,,
fiftysix.flights,available,56,4%,9,Mathematics,,,
xxviii.flights,available,56,1%,6,Mathematics,,,
fiftynine.flights,available,56,4%,10,Mathematics,,,
xxix.flights,available,56,4%,4,Mathematics,,,
potbellied.flights,available,56,0%,10,"Health and Fitness,Medicine",,,
fortysix.flights,available,56,3%,9,Mathematics,,,
lvi.flights,available,56,8%,3,Mathematics,,,
xxxii.flights,available,56,1%,5,Mathematics,,,
halfdozen.flights,available,56,1%,10,Mathematics,,,
xxvii.flights,available,56,3%,5,Mathematics,,,
xxxi.flights,available,56,9%,4,Mathematics,,,
xxxiii.flights,available,56,2%,6,Mathematics,,,
fiftyfive.flights,available,56,7%,10,Mathematics,,,
abdominous.flights,available,56,0%,10,"Health and Fitness,Medicine",,,
xliii.flights,available,56,1%,5,Mathematics,,,
xxxv.flights,available,56,4%,4,Mathematics,,,
admittible.flights,available,56,1%,10,"Education,Healthcare,Hospitality",,,
fiftytwo.flights,available,56,6%,9,Mathematics,,,
lii.flights,available,56,7%,3,Mathematics,,,
xxxvi.flights,available,56,1%,5,Mathematics,,,
appressed.flights,available,56,0%,9,"Agriculture,Manufacturing,Retail",,,
addled.flights,available,56,2%,6,Entertainment,,,
xlviii.flights,available,56,1%,6,Mathematics,,,
thirtysix.flights,available,56,5%,10,Mathematics,,,
triad.flights,available,56,15%,5,Arts,,,
fortytwo.flights,available,56,17%,9,Mathematics,,,
ilx.flights,available,56,5%,3,Mathematics,,,
lvii.flights,available,56,1%,4,Mathematics,,,
fiftyone.flights,available,56,7%,9,Mathematics,,,
abeyant.flights,available,56,1%,7,"Business,Law",,,
xlvii.flights,available,56,2%,5,Mathematics,,,
fortynine.flights,available,56,3%,10,Mathematics,,,
xlv.flights,available,56,6%,3,Mathematics,,,
xliv.flights,available,56,2%,4,Mathematics,,,
thirtyone.flights,available,56,5%,10,Mathematics,,,
admittable.flights,available,56,1%,10,"Education,Healthcare,Hospitality",,,
fortyone.flights,available,56,4%,9,Mathematics,,,
xxxviii.flights,available,56,1%,7,Mathematics,,,
xxiv.flights,available,56,5%,4,Mathematics,,,
fiftyfour.flights,available,56,3%,10,Mathematics,,,
xxiii.flights,available,56,5%,5,Mathematics,,,
maledict.flights,available,56,1%,8,Religion,,,
lviii.flights,available,56,1%,5,Mathematics,,,
thirtytwo.flights,available,56,5%,10,Mathematics,,,
xlvi.flights,available,56,3%,4,Mathematics,,,
aone.flights,available,56,15%,5,Food and Beverage,,,
xxxiv.flights,available,56,1%,5,Mathematics,,,
terzetto.flights,available,56,3%,8,Arts,,,
accoutered.flights,available,56,0%,10,"Fashion,Manufacturing,Retail",,,
admissive.flights,available,56,1%,9,"Education,Healthcare,Hospitality",,,
liii.flights,available,56,4%,4,Mathematics,,,
xxxvii.flights,available,56,2%,6,Mathematics,,,
viii.flights,available,54,6%,4,Mathematics,,,
monitory.flights,available,54,3%,8,"Business,Education,Healthcare",,,
achromatic.flights,available,54,4%,10,Science,,,
aboral.flights,available,54,2%,6,Science,,,
sise.flights,available,54,5%,4,Mathematics,,,
unnatural.flights,available,54,4%,9,"Medicine,Science",,,
quadruplet.flights,available,54,1%,10,"Healthcare,Medicine,Science",,,
fortyfive.flights,available,54,4%,10,Mathematics,,,
abatic.flights,available,54,1%,6,Science,,,
threescore.flights,available,54,1%,10,Mathematics,,,
iii.flights,available,54,24%,3,Mathematics,,,
vii.flights,available,54,13%,3,Mathematics,,,
abasic.flights,available,54,1%,6,Science,,,
twoscore.flights,available,54,2%,8,Mathematics,,,
quaternion.flights,available,54,6%,10,Mathematics,,,
scratchy.flights,available,54,3%,8,Fashion,,,
admonitory.flights,available,54,0%,10,"Business,Education,Healthcare",,,
adducent.flights,available,54,1%,8,"Engineering,Mathematics,Science",,,
abient.flights,available,54,1%,6,Science,,,
topnotch.flights,available,54,18%,8,Business,,,
deserted.flights,available,54,3%,8,"Hospitality,Real Estate",,,
abaxial.flights,available,54,1%,7,Science,,,
abducens.flights,available,54,1%,8,Medicine,,,
accursed.flights,available,54,3%,8,"Entertainment,Media,Religion",,,
adpressed.flights,available,54,0%,9,"Agriculture,Manufacturing,Retail",,,
adaxial.flights,available,54,2%,7,Science,,,
adductive.flights,available,54,0%,9,"Engineering,Mathematics,Science",,,
acoustical.flights,available,54,4%,10,Science,,,
achy.flights,available,54,3%,4,Healthcare,,,
abatable.flights,available,54,1%,8,Law,,,
adjuratory.flights,available,54,0%,10,"Law,Politics,Religion",,,
actuated.flights,available,54,2%,8,"Automotive,Manufacturing,Technology",,,
abhorrent.flights,available,54,1%,9,Humanities,,,
deuceace.flights,available,54,2%,9,Sports,,,
accentual.flights,available,54,3%,9,"Arts,Entertainment",,,
quaternity.flights,available,54,4%,10,Mathematics,,,
adducting.flights,available,54,1%,9,"Engineering,Mathematics,Science",,,
ternion.flights,available,54,3%,7,Mathematics,,,
quintuplet.flights,available,54,1%,10,"Healthcare,Medicine,Science",,,
quatern.flights,available,54,2%,7,Mathematics,,,
xxx.flights,available,53,30%,3,"Arts,Entertainment,Media",,,
septet.flights,available,53,1%,6,General,,,
sestet.flights,available,53,1%,6,Arts,,,
lxxv.flights,available,52,1%,4,Mathematics,,,
lxxi.flights,available,52,1%,4,Mathematics,,,
xcviii.flights,available,52,1%,6,Mathematics,,,
lxxxiv.flights,available,52,1%,6,Mathematics,,,
lxxvi.flights,available,52,1%,5,Mathematics,,,
lxv.flights,available,52,5%,3,Mathematics,,,
eightyone.flights,available,52,3%,10,Mathematics,,,
lxi.flights,available,52,5%,3,Mathematics,,,
ninetysix.flights,available,52,4%,10,Mathematics,,,
abusive.flights,available,52,3%,7,"Healthcare,Law",,,
xciv.flights,available,52,2%,4,Mathematics,,,
lxvi.flights,available,52,3%,4,Mathematics,,,
abstruse.flights,available,52,5%,8,"Humanities,Mathematics,Science",,,
lxxxvi.flights,available,52,1%,6,Mathematics,,,
detestable.flights,available,52,1%,10,Humanities,,,
chagrined.flights,available,52,1%,9,Humanities,,,
lxxxi.flights,available,52,1%,5,Mathematics,,,
abysmal.flights,available,52,4%,7,"Arts,Entertainment,Media",,,
ninetyone.flights,available,52,5%,10,Mathematics,,,
odious.flights,available,52,2%,6,"Entertainment,Humanities",,,
xciii.flights,available,52,1%,5,Mathematics,,,
adenoidal.flights,available,52,1%,9,"Health and Fitness,Medicine,Science",,,
tierce.flights,available,52,3%,6,General,,,
lxxiii.flights,available,52,1%,6,Mathematics,,,
littlejoe.flights,available,52,2%,10,"Entertainment,Media",,,
lxiv.flights,available,52,3%,4,Mathematics,,,
repulsive.flights,available,52,1%,9,Humanities,,,
xcv.flights,available,52,7%,3,Mathematics,,,
sixtyfour.flights,available,52,3%,10,Mathematics,,,
sixtysix.flights,available,52,4%,9,Mathematics,,,
ablated.flights,available,52,1%,7,Science,,,
sixtytwo.flights,available,52,3%,9,Mathematics,,,
ixl.flights,available,52,9%,3,Mathematics,,,
decumbent.flights,available,52,1%,9,"Healthcare,Medicine,Science",,,
repugnant.flights,available,52,1%,9,Humanities,,,
abominable.flights,available,52,2%,10,"Entertainment,Humanities",,,
lxii.flights,available,52,1%,4,Mathematics,,,
lxviii.flights,available,52,1%,6,Mathematics,,,
lxvii.flights,available,52,1%,5,Mathematics,,,
xcvii.flights,available,52,1%,5,Mathematics,,,
lxxxiii.flights,available,52,1%,7,Mathematics,,,
ixc.flights,available,52,5%,3,Mathematics,,,
eightytwo.flights,available,52,4%,10,Mathematics,,,
lxxxii.flights,available,52,1%,6,Mathematics,,,
xcvi.flights,available,52,2%,4,Mathematics,,,
ninetytwo.flights,available,52,4%,10,Mathematics,,,
xci.flights,available,52,4%,3,Mathematics,,,
lxxxvii.flights,available,52,1%,7,Mathematics,,,
aboulic.flights,available,52,1%,7,Medicine,,,
lxxxv.flights,available,52,1%,5,Mathematics,,,
uphill.flights,available,52,7%,6,"Sports,Transportation,Travel",,,
lxiii.flights,available,52,2%,5,Mathematics,,,
xcii.flights,available,52,2%,4,Mathematics,,,
sixtyfive.flights,available,52,3%,10,Mathematics,,,
lxxiv.flights,available,52,1%,5,Mathematics,,,
lxxvii.flights,available,52,2%,6,Mathematics,,,
lxxii.flights,available,52,1%,5,Mathematics,,,
scummy.flights,available,50,1%,6,Humanities,,,
aculeated.flights,available,50,0%,9,"Engineering,Medicine,Science",,,
acerose.flights,available,50,1%,7,Science,,,
abranchial.flights,available,50,0%,10,Science,,,
acapnotic.flights,available,50,0%,9,"Healthcare,Medicine,Science",,,
acquitted.flights,available,50,1%,9,Law,,,
abactinal.flights,available,50,0%,9,Science,,,
adactylous.flights,available,50,0%,10,Science,,,
acaudal.flights,available,50,1%,7,"Agriculture,Science",,,
vinegary.flights,available,50,1%,8,Food and Beverage,,,
adhominem.flights,available,50,2%,10,"Humanities,Law,Politics",,,
acerb.flights,available,50,2%,5,Science,,,
abbatial.flights,available,50,0%,8,Religion,,,
acetose.flights,available,50,1%,7,Science,,,
broached.flights,available,50,0%,8,Food and Beverage,,,
cinque.flights,available,50,7%,6,Mathematics,,,
abomasal.flights,available,50,0%,8,Agriculture,,,
lxx.flights,available,50,5%,3,Mathematics,,,
acellular.flights,available,50,1%,9,Science,,,
aborticide.flights,available,50,0%,10,Medicine,,,
acapnic.flights,available,50,0%,7,"Healthcare,Medicine,Science",,,
trine.flights,available,50,11%,5,"General,Religion",,,
abducting.flights,available,50,0%,9,Medicine,,,
needlelike.flights,available,50,0%,10,"Engineering,Medicine,Science",,,
gillless.flights,available,50,0%,9,Science,,,
spinous.flights,available,50,1%,7,"Agriculture,Science",,,
quint.flights,available,50,13%,5,"Arts,Entertainment",,,
acerbic.flights,available,50,2%,7,"Arts,Humanities,Media",,,
triplet.flights,available,50,8%,7,Science,,,
acetous.flights,available,50,1%,7,Science,,,
ogdoad.flights,available,50,1%,6,Mathematics,,,
abdicable.flights,available,50,0%,9,Law,,,
lxxxviii.flights,available,48,1%,8,Mathematics,,,
ilxx.flights,available,48,1%,4,Mathematics,,,
apriori.flights,available,48,13%,8,Mathematics,,,
notguilty.flights,available,48,5%,10,Law,,,
ilxxx.flights,available,48,1%,5,Mathematics,,,
abstracted.flights,available,48,5%,10,"Arts,Humanities,Science",,,
abyssal.flights,available,48,12%,7,"Arts,Entertainment,Media",,,
execrable.flights,available,48,0%,9,"Entertainment,Humanities",,,
vinegarish.flights,available,46,1%,10,Food and Beverage,,,
acicular.flights,available,46,2%,8,Science,,,
achromous.flights,available,46,1%,9,Science,,,
acanthous.flights,available,46,0%,9,"Agriculture,Science",,,
acetonic.flights,available,46,1%,8,Science,,,
achenial.flights,available,46,1%,8,Science,,,
acephalous.flights,available,46,1%,10,Science,,,
acanthotic.flights,available,46,0%,10,"Agriculture,Science",,,
acetylic.flights,available,46,1%,8,Science,,,
acapnial.flights,available,46,0%,8,"Healthcare,Medicine,Science",,,
acaudate.flights,available,46,1%,8,"Agriculture,Science",,,
stemless.flights,available,46,2%,8,"Agriculture,Science",,,
stripling.flights,available,46,2%,9,"Education,Entertainment,Healthcare",,,
achromic.flights,available,46,2%,8,Science,,,
quaternary.flights,available,46,3%,10,Mathematics,,,
acetylenic.flights,available,46,1%,10,Science,,,
acarpous.flights,available,46,0%,8,"Agriculture,Science",,,
acheronian.flights,available,46,1%,10,Humanities,,,
acarpelous.flights,available,46,0%,10,"Agriculture,Science",,,
theabsurd.flights,available,46,1%,10,"Arts,Entertainment,Media",,,
acetabular.flights,available,46,1%,10,Science,,,
acanthoid.flights,available,46,1%,9,"Agriculture,Science",,,
cotyloid.flights,available,46,1%,8,Science,,,
acherontic.flights,available,44,1%,10,Humanities,,,
cotyloidal.flights,available,44,1%,10,Science,,,
accusatory.flights,available,44,1%,10,Law,,,
phoebe.flights,available,41,14%,6,Science,,,
abscessed.flights,available,41,0%,9,Healthcare,,,
accusive.flights,available,40,1%,8,Law,,,
accurst.flights,available,40,1%,7,Religion,,,
scurrilous.flights,available,40,1%,10,"Entertainment,Media,Politics",,,